-- Student Name:    Thamsanqa Sibanda
-- Student Number:  C18727971
-- Date:            22 April 2020
-- Question:        Inserts

-- 17 insert into HH_clients Table 1
insert into HH_Clients(CID,Cname,Caddr,Cphone,Cemail) values (1000001,'Charmaine Kolofelo','16 Kings Palor, Dawson Street, Dublin 2, D02 AF11','042-9331448', 'megaspin@gmail.com');
insert into HH_Clients(CID,Cname,Caddr,Cphone,Cemail) values (1000002,'Swizz Beats','45 Claremorris, Gleeson Street, Dublin 2, D02 EH30','061-314203', 'parrt@aol.com');
insert into HH_Clients(CID,Cname,Caddr,Cphone,Cemail) values (1000003,'Alecia Keys','16 Hodgestown, Kevin Street, Dublin 12, D12 A289','071-9620427', 'ismail@verizon.net');
insert into HH_Clients(CID,Cname,Caddr,Cphone,Cemail) values (1000004,'Dave Bowe','One Michael St, Barrett Street, Dublin 12, D12 A930','071-9662437', 'mgemmons@verizon.net');
insert into HH_Clients(CID,Cname,Caddr,Cphone,Cemail) values (1000005,'Elle Garcia','Lwr Main St., 73 Manhattan St, Highland, IN 46322','(086)6033595', 'joglo@gmail.com');
insert into HH_Clients(CID,Cname,Caddr,Cphone,Cemail) values (1000006,'Phumelele Candido','9627 Roehampton St, Joliet, IL 60435, D02 AF30',' 01-6240801', 'jorgb@aol.com');
insert into HH_Clients(CID,Cname,Caddr,Cphone,Cemail) values (1000007,'Edindra Robin','11 Holmpatrick, Dublin 15, D15 AF30', '(021)4505960', 'qrczak@outlook.com');
insert into HH_Clients(CID,Cname,Caddr,Cphone,Cemail) values (1000008,'Kelly Rowland','964 North Canal Ave, Saint Louis, MO 63109','049-8541655', 'bigmauler@outlook.com');
insert into HH_Clients values (1000009,'Thamsanqa Lion','479 Winding Way St, Johnston, RI 02919','086 603 8808', 'sakusha@yahoo.ca', 750000.00);
insert into HH_Clients values (1000010,'Tabani Sibanda','419 State Rd, Royersford, PA 19468','(091)563570', 'nogin@optonline.net', 200000.00);
insert into HH_Clients values (1000011,'James Clooney','58 Sage Street, Billerica, MA 01821', '01-3548238','notaprguy@sbcglobal.net', 400000.00);
insert into HH_Clients(CID,Cname,Caddr,Cphone,Cemail) values (1000012,'Norman Walke','Flat C, Freckenham House, Mildenhall Road, Freckenham,IP28 8HX', '(01) 630510','naoya@gmail.com');
insert into HH_Clients(CID,Cname,Caddr,Cphone,Cemail) values (1000013,'Thad Pesce','65 Wood End Road, Wednesfield,WV11 1NW', ' 04 885583','mbswan@comcast.net');
insert into HH_Clients(CID,Cname,Caddr,Cphone,Cemail) values (1000014,'Elliott Studdard','Ceufron Cottage, Bwlch Y Plain,LD7 1RE', '(01) 562322','mfleming@hotmail.com');
insert into HH_Clients(CID,Cname,Caddr,Cphone,Cemail) values (1000015,'Eddie Hartman','73 Coxtie Green Road, Pilgrims Hatch,CM14 5PS', '(01) 857 1047','temmink@mac.com');
insert into HH_Clients(CID,Cname,Caddr,Cphone,Cemail) values (1000016,'Emerald Wilburn','203 Sutton Lane, Byram,WF11 9NB', '(01) 701152','tanter@sbcglobal.net');
insert into HH_Clients(CID,Cname,Caddr,Cphone,Cemail) values (1000017,'Michelina Mirabito','7 Laird Court, Bagshot,GU19 5QN', '(01) 781347','kwilliams@icloud.com');

-- 5 Insert into HH_Branch Table 2
insert into HH_Branch values(2000001, 'Harrys Homes Finglas', 'HH House, Dublin road, finglas, dublin 11, D11 AT11');
insert into HH_Branch values(2000002, 'Harrys Homes Dublin City', 'Custom House Quay, dublin 01, D01 B311');
insert into HH_Branch values(2000003, 'Harrys Homes Louth', 'Conor Buliding, Dublin road, Louth, dublin 18, D18 G81');
insert into HH_Branch values(2000004, 'Harrys Homes Stilorgan', 'HH House Stilgn, Hanover Street, Stilorgan, dublin 15, D15 11LT');
insert into HH_Branch values(2000005, 'Harrys Homes Tallaght', 'HH Tallaght Square, Dublin road, Tallaght, dublin 06, D01 4LT');

-- 20 Insert into HH_Agent Table 3
insert into HH_Agent values(101,'Harry Croston',25000.00, 2000001);
insert into HH_Agent values(102,'Arnold Lachapelle',25000.00, 2000001);
insert into HH_Agent values(103,'Dorethea Poplar',25000.00, 2000001);
insert into HH_Agent values(104,'Alexa Foutch',25000.00, 2000001);
insert into HH_Agent values(105,'Shaun Nordquist',25000.00, 2000002);
insert into HH_Agent values(106,'Kassie Mackley',25000.00, 2000002);
insert into HH_Agent values(107,'Carmon Finklea',25000.00, 2000002);
insert into HH_Agent values(108,'Clark Hodgdon',25000.00, 2000002);
insert into HH_Agent values(109,'Jim Maclin',25000.00, 2000003);
insert into HH_Agent values(110,'Loris Zahradnik',25000.00, 2000003);
insert into HH_Agent values(112,'Ima Castaldi',25000.00, 2000003);
insert into HH_Agent values(113,'Bettye Corzine',25000.00, 2000003);
insert into HH_Agent values(114,'Marguerite Alvarez',25000.00, 2000004);
insert into HH_Agent values(115,'Lang Childs',25000.00, 2000004);
insert into HH_Agent values(116,'Aja Chai',25000.00, 2000004);
insert into HH_Agent values(117,'Dylan Derosier',25000.00,2000004);
insert into HH_Agent values(118,'Kimiko Kendall',25000.00,2000005);
insert into HH_Agent values(119,'Maurita Tacy',25000.00,2000005);
insert into HH_Agent values(120,'Ashly Ringwood',25000.00,2000005);
insert into HH_Agent values(121,'Cris Puglia',25000.00,2000005);

-- 3 Insert into HH_ProCat Table 4
insert into HH_ProCat values (11,'Residential');
insert into HH_ProCat values (12,'Commercial');
insert into HH_ProCat values (13,'Other');

-- 7 Insert into HH_ProType Table 5
insert into HH_ProType values(21,'House',11);
insert into HH_ProType values(22,'Apartment',11);
insert into HH_ProType values(23,'Office',12);
insert into HH_ProType values(24,'Hotel',12);
insert into HH_ProType values(25,'Retail',12);
insert into HH_ProType values(26,'Pub',12);
insert into HH_ProType values(27,'Investment Opportunity',13);

-- 15 Insert into HH_Property Table 6
insert into HH_Property(PID,Paddr,No_Beds,SaleMethod,RegDate,MinAskPrice,AgentID,ProTypeID) values(1001,'40 Green Lane, Lower Kingswood,KT20 6TL',2,'Normal Sale','13-FEB-2020',220000.00,101,22);
insert into HH_Property(PID,Paddr,No_Beds,SaleMethod,RegDate,MinAskPrice,AgentID,ProTypeID) values(1002,'3 Moorside Road, Mossley,OL5 9JX',3,'Normal Sale','17-FEB-2020',380000.00,102,21);
insert into HH_Property values(1003,'Wood Rise, Amberley,GL5 5AE',3,'Normal Sale','13-MAR-2020','Has a large back garden',280000.00,300000.00,103,21);
insert into HH_Property values(1004,'46 Milne Road, Bircotes,DN11 8AS',4,'Normal Sale','14-MAR-2020','Sunshine shinning into master bedroom all day',460000.00,480000.00,114,21);
insert into HH_Property values(1005,'Ash Cottage, Offton Road, Ringshall,IP14 2QA',2,'Normal Sale','15-MAR-2020','Located near shopping district',180000.00,200000.00,115,22);
insert into HH_Property values(1006,'4 Red Lion Court, Millom,LA18 5BG',5,'Normal Sale','23-MAR-2020','Location is ideal for students as it is located near a major college',340000.00,420000.00,116,21);
insert into HH_Property values(1007,'3 Lowicke House, Ringslade Road, Newton Abbot,TQ12 1QF',1,'Auction','24-MAR-2020','located nea the tech hub',400000.00,450000.00,120,22);
insert into HH_Property values(1008,'Chy Lowen, Treven,PL34 0DT',7,'Auction','25-MAR-2020','Previous owner was a famous person',1300000.00,1700000.00,119,27);
insert into HH_Property(PID,Paddr,SaleMethod,RegDate,Notes,MinAskPrice,Valu,AgentID,ProTypeID) values(1009,'74 Lowick Gardens, Peterborough,PE3 7HF','Auction','10-FEB-2020','Proparty in shopping mall',1000000.00,900000.00,121,25);
insert into HH_Property(PID,Paddr,SaleMethod,RegDate,Notes,MinAskPrice,Valu,AgentID,ProTypeID) values(1010,'Flat C, Freckenham House, Mildenhall Road, Freckenham,IP28 8HX','Normal Sale','15-FEB-2020','Office space under Appartments',400000.00,450000.00,121,23);
insert into HH_Property(PID,Paddr,SaleMethod,RegDate,Notes,MinAskPrice,Valu,AgentID,ProTypeID) values(1011,'65 Wood End Road, Wednesfield,WV11 1NW', 'Normal Sale','10-APR-2020','In City center',500000.00,650000.00,114,24);
insert into HH_Property(PID,Paddr,SaleMethod,RegDate,Notes,MinAskPrice,AgentID,ProTypeID) values(1012,'Ceufron Cottage, Bwlch Y Plain,LD7 1RE', 'Normal Sale','12-APR-2020','Located in residential shopping mall',220000.00,101,26);
insert into HH_Property(PID,Paddr,SaleMethod,RegDate,Notes,MinAskPrice,AgentID,ProTypeID) values(1013,'73 Coxtie Green Road, Pilgrims Hatch,CM14 5PS', 'Auction','14-APR-2020','Proparty in shopping mall',250000.00,121,27);
insert into HH_Property(PID,Paddr,SaleMethod,RegDate,Notes,MinAskPrice,AgentID,ProTypeID) values(1014,'203 Sutton Lane, Byram,WF11 9NB', 'Normal Sale','16-APR-2020','Several bus stop and train staition near by ',167000.00,121,25);
insert into HH_Property(PID,Paddr,SaleMethod,RegDate,Notes,MinAskPrice,AgentID,ProTypeID) values(1015,'7 Laird Court, Bagshot,GU19 5QN', 'Normal Sale','20-APR-2020','Near Development area in city center',800000.00,121,23);

-- 15 Insert into P_ForSale Table 7
select pid, valu from hh_property;
Insert into P_ForSale(ForSaleID,SalePrice,SaleStatus,PID,SellerID) values(5001,'For Sale',1001,1000003);
Insert into P_ForSale(ForSaleID,SalePrice,SaleStatus,PID,SellerID) values(5002,'For Sale',1002,1000004);
Insert into P_ForSale(ForSaleID,SalePrice,SaleStatus,PID,SellerID) values(5003,300000.00,'For Sale',1003,1000005);
Insert into P_ForSale(ForSaleID,SalePrice,SaleStatus,PID,SellerID) values(5004,480000.00,'For Sale',1004,1000006);
Insert into P_ForSale(ForSaleID,SalePrice,SaleStatus,PID,SellerID,BuyerID) values(5005,200000.00,'Sold',1005,1000001,1000010);
Insert into P_ForSale(ForSaleID,SalePrice,SaleStatus,PID,SellerID) values(5006,420000.00,'For Sale',1006,1000007);
Insert into P_ForSale(ForSaleID,SalePrice,SaleStatus,PID,SellerID,BuyerID) values(5007,450000.00,'Sold',1007,1000002,1000011);
Insert into P_ForSale(ForSaleID,SalePrice,SaleStatus,PID,SellerID) values(5008,1700000.00,'For Sale',1008,1000008);
Insert into P_ForSale(ForSaleID,SalePrice,SaleStatus,PID,SellerID) values(5009,900000.00,'For Sale',1009,1000008);
Insert into P_ForSale(ForSaleID,SalePrice,SaleStatus,PID,SellerID) values(5010,450000.00,'For Sale',1010,1000012);
Insert into P_ForSale(ForSaleID,SalePrice,SaleStatus,PID,SellerID) values(5011,650000.00,'For Sale',1011,1000013);
Insert into P_ForSale(ForSaleID,SaleStatus,PID,SellerID) values(5012,'For Sale',1012,1000014);
Insert into P_ForSale(ForSaleID,SaleStatus,PID,SellerID) values(5013,'For Sale',1013,1000015);
Insert into P_ForSale(ForSaleID,SaleStatus,PID,SellerID) values(5014,'For Sale',1014,1000016);
Insert into P_ForSale(ForSaleID,SaleStatus,PID,SellerID) values(5015,'For Sale',1015,1000017);

-- Insert into Valu_App Tabele 8
Insert into Valu_App values('25-MAY-2020',1001);
Insert into Valu_App values('26-APR-2020',1002);
Insert into Valu_App values('27-APR-2020',1012);
Insert into Valu_App values('28-APR-2020',1013);
Insert into Valu_App values('29-APR-2020',1014);
Insert into Valu_App values('30-APR-2020',1015);

-- 3 Insert into HH_AdType Table 9
insert into HH_AdType values(01,'On Site For Sale Sign');
insert into HH_AdType values(02,'Newspaper Advert');
insert into HH_AdType values(03,'Agency Shop Window Advertisement');

-- Insert into HH_Adverts Table 10
insert into HH_Adverts values('01-APR-2020',5.00,1001,03);
insert into HH_Adverts values('02-APR-2020',60.00,1001,02);
insert into HH_Adverts values('03-APR-2020',35.00,1001,01);
insert into HH_Adverts values('04-APR-2020',5.00,1002,03);
insert into HH_Adverts values('05-APR-2020',35.00,1002,01);
insert into HH_Adverts values('06-APR-2020',35.00,1003,01);
insert into HH_Adverts values('07-APR-2020',35.00,1004,01);
insert into HH_Adverts values('08-APR-2020',35.00,1005,01);
insert into HH_Adverts values('09-APR-2020',60.00,1005,02);
insert into HH_Adverts values('10-APR-2020',5.00,1005,03);
insert into HH_Adverts values('11-APR-2020',35.00,1006,01);
insert into HH_Adverts values('12-APR-2020',5.00,1006,03);
insert into HH_Adverts values('13-APR-2020',35.00,1008,01);
insert into HH_Adverts values('14-APR-2020',60.00,1008,02);
insert into HH_Adverts values('15-APR-2020',5.00,1008,03);
insert into HH_Adverts values('16-APR-2020',35.00,1011,01);
insert into HH_Adverts values('17-APR-2020',35.00,1012,01);
insert into HH_Adverts values('18-APR-2020',5.00,1012,03);
insert into HH_Adverts values('19-APR-2020',35.00,1013,01);
insert into HH_Adverts values('20-APR-2020',35.00,1014,01);
insert into HH_Adverts values('21-APR-2020',5.00,1014,03);
insert into HH_Adverts values('22-APR-2020',35.00,1015,01);
insert into HH_Adverts values('23-APR-2020',5.00,1015,03);
insert into HH_Adverts values('24-APR-2020',60.00,1008,02);
insert into HH_Adverts values('25-APR-2020',60.00,1004,02);
commit;
